{
    "code": 200,
    "status": "OK",
    "data": [
        {
            "number": 1,
            "name": "سُورَةُ ٱلْفَاتِحَةِ",
            "englishName": "Al-Faatiha",
            "englishNameTranslation": "The Opening",
            "numberOfAyahs": 7,
            "revelationType": "Makkah",
            "indonesiaName": "Al Faatihah"
        },
        {
            "number": 2,
            "name": "سُورَةُ البَقَرَةِ",
            "englishName": "Al-Baqara",
            "englishNameTranslation": "The Cow",
            "numberOfAyahs": 286,
            "revelationType": "Madinah",
            "indonesiaName": "Al Baqarah"
        },
        {
            "number": 3,
            "name": "سُورَةُ آلِ عِمۡرَانَ",
            "englishName": "Aal-i-Imraan",
            "englishNameTranslation": "The Family of Imraan",
            "numberOfAyahs": 200,
            "revelationType": "Madinah",
            "indonesiaName": "Ali Imran"
        },
        {
            "number": 4,
            "name": "سُورَةُ النِّسَاءِ",
            "englishName": "An-Nisaa",
            "englishNameTranslation": "The Women",
            "numberOfAyahs": 176,
            "revelationType": "Madinah",
            "indonesiaName": "An Nisaa'"
        },
        {
            "number": 5,
            "name": "سُورَةُ المَائـِدَةِ",
            "englishName": "Al-Maaida",
            "englishNameTranslation": "The Table",
            "numberOfAyahs": 120,
            "revelationType": "Madinah",
            "indonesiaName": "Al Maaidah"
        },
        {
            "number": 6,
            "name": "سُورَةُ الأَنۡعَامِ",
            "englishName": "Al-An'aam",
            "englishNameTranslation": "The Cattle",
            "numberOfAyahs": 165,
            "revelationType": "Makkah",
            "indonesiaName": "Al An'aam"
        },
        {
            "number": 7,
            "name": "سُورَةُ الأَعۡرَافِ",
            "englishName": "Al-A'raaf",
            "englishNameTranslation": "The Heights",
            "numberOfAyahs": 206,
            "revelationType": "Makkah",
            "indonesiaName": "Al A'raaf"
        },
        {
            "number": 8,
            "name": "سُورَةُ الأَنفَالِ",
            "englishName": "Al-Anfaal",
            "englishNameTranslation": "The Spoils of War",
            "numberOfAyahs": 75,
            "revelationType": "Madinah",
            "indonesiaName": "Al Anfaal"
        },
        {
            "number": 9,
            "name": "سُورَةُ التَّوۡبَةِ",
            "englishName": "At-Tawba",
            "englishNameTranslation": "The Repentance",
            "numberOfAyahs": 129,
            "revelationType": "Madinah",
            "indonesiaName": "At Taubah"
        },
        {
            "number": 10,
            "name": "سُورَةُ يُونُسَ",
            "englishName": "Yunus",
            "englishNameTranslation": "Jonas",
            "numberOfAyahs": 109,
            "revelationType": "Makkah",
            "indonesiaName": "Yunus"
        },
        {
            "number": 11,
            "name": "سُورَةُ هُودٍ",
            "englishName": "Hud",
            "englishNameTranslation": "Hud",
            "numberOfAyahs": 123,
            "revelationType": "Makkah",
            "indonesiaName": "Hud"
        },
        {
            "number": 12,
            "name": "سُورَةُ يُوسُفَ",
            "englishName": "Yusuf",
            "englishNameTranslation": "Joseph",
            "numberOfAyahs": 111,
            "revelationType": "Makkah",
            "indonesiaName": "Yusuf"
        },
        {
            "number": 13,
            "name": "سُورَةُ الرَّعۡدِ",
            "englishName": "Ar-Ra'd",
            "englishNameTranslation": "The Thunder",
            "numberOfAyahs": 43,
            "revelationType": "Madinah",
            "indonesiaName": "Ar Ra'd"
        },
        {
            "number": 14,
            "name": "سُورَةُ إِبۡرَاهِيمَ",
            "englishName": "Ibrahim",
            "englishNameTranslation": "Abraham",
            "numberOfAyahs": 52,
            "revelationType": "Makkah",
            "indonesiaName": "Ibrahin"
        },
        {
            "number": 15,
            "name": "سُورَةُ الحِجۡرِ",
            "englishName": "Al-Hijr",
            "englishNameTranslation": "The Rock",
            "numberOfAyahs": 99,
            "revelationType": "Makkah",
            "indonesiaName": "Al Hijr"
        },
        {
            "number": 16,
            "name": "سُورَةُ النَّحۡلِ",
            "englishName": "An-Nahl",
            "englishNameTranslation": "The Bee",
            "numberOfAyahs": 128,
            "revelationType": "Makkah",
            "indonesiaName": "An Nahl"
        },
        {
            "number": 17,
            "name": "سُورَةُ الإِسۡرَاءِ",
            "englishName": "Al-Israa",
            "englishNameTranslation": "The Night Journey",
            "numberOfAyahs": 111,
            "revelationType": "Makkah",
            "indonesiaName": "Al Isra"
        },
        {
            "number": 18,
            "name": "سُورَةُ الكَهۡفِ",
            "englishName": "Al-Kahf",
            "englishNameTranslation": "The Cave",
            "numberOfAyahs": 110,
            "revelationType": "Makkah",
            "indonesiaName": "Al Kahfi"
        },
        {
            "number": 19,
            "name": "سُورَةُ مَرۡيَمَ",
            "englishName": "Maryam",
            "englishNameTranslation": "Mary",
            "numberOfAyahs": 98,
            "revelationType": "Makkah",
            "indonesiaName": "Maryam"
        },
        {
            "number": 20,
            "name": "سُورَةُ طه",
            "englishName": "Taa-Haa",
            "englishNameTranslation": "Taa-Haa",
            "numberOfAyahs": 135,
            "revelationType": "Makkah",
            "indonesiaName": "Taha"
        },
        {
            "number": 21,
            "name": "سُورَةُ الأَنبِيَاءِ",
            "englishName": "Al-Anbiyaa",
            "englishNameTranslation": "The Prophets",
            "numberOfAyahs": 112,
            "revelationType": "Makkah",
            "indonesiaName": "Al Nabiya"
        },
        {
            "number": 22,
            "name": "سُورَةُ الحَجِّ",
            "englishName": "Al-Hajj",
            "englishNameTranslation": "The Pilgrimage",
            "numberOfAyahs": 78,
            "revelationType": "Madinah",
            "indonesiaName": "Al Hajj"
        },
        {
            "number": 23,
            "name": "سُورَةُ المُؤۡمِنُونَ",
            "englishName": "Al-Muminoon",
            "englishNameTranslation": "The Believers",
            "numberOfAyahs": 118,
            "revelationType": "Makkah",
            "indonesiaName": "Al Mukminun"
        },
        {
            "number": 24,
            "name": "سُورَةُ النُّورِ",
            "englishName": "An-Noor",
            "englishNameTranslation": "The Light",
            "numberOfAyahs": 64,
            "revelationType": "Madinah",
            "indonesiaName": "An Nur"
        },
        {
            "number": 25,
            "name": "سُورَةُ الفُرۡقَانِ",
            "englishName": "Al-Furqaan",
            "englishNameTranslation": "The Criterion",
            "numberOfAyahs": 77,
            "revelationType": "Makkah",
            "indonesiaName": "Al Furqan"
        },
        {
            "number": 26,
            "name": "سُورَةُ الشُّعَرَاءِ",
            "englishName": "Ash-Shu'araa",
            "englishNameTranslation": "The Poets",
            "numberOfAyahs": 227,
            "revelationType": "Makkah",
            "indonesiaName": "As Su'ara"
        },
        {
            "number": 27,
            "name": "سُورَةُ النَّمۡلِ",
            "englishName": "An-Naml",
            "englishNameTranslation": "The Ant",
            "numberOfAyahs": 93,
            "revelationType": "Makkah",
            "indonesiaName": "An Naml"
        },
        {
            "number": 28,
            "name": "سُورَةُ القَصَصِ",
            "englishName": "Al-Qasas",
            "englishNameTranslation": "The Stories",
            "numberOfAyahs": 88,
            "revelationType": "Makkah",
            "indonesiaName": "Al Qasas"
        },
        {
            "number": 29,
            "name": "سُورَةُ العَنكَبُوتِ",
            "englishName": "Al-Ankaboot",
            "englishNameTranslation": "The Spider",
            "numberOfAyahs": 69,
            "revelationType": "Makkah",
            "indonesiaName": "Al Ankabut"
        },
        {
            "number": 30,
            "name": "سُورَةُ الرُّومِ",
            "englishName": "Ar-Room",
            "englishNameTranslation": "The Romans",
            "numberOfAyahs": 60,
            "revelationType": "Makkah",
            "indonesiaName": "Ar Rum"
        },
        {
            "number": 31,
            "name": "سُورَةُ لُقۡمَانَ",
            "englishName": "Luqman",
            "englishNameTranslation": "Luqman",
            "numberOfAyahs": 34,
            "revelationType": "Makkah",
            "indonesiaName": "Luqman"
        },
        {
            "number": 32,
            "name": "سُورَةُ السَّجۡدَةِ",
            "englishName": "As-Sajda",
            "englishNameTranslation": "The Prostration",
            "numberOfAyahs": 30,
            "revelationType": "Makkah",
            "indonesiaName": "As Sajdah"
        },
        {
            "number": 33,
            "name": "سُورَةُ الأَحۡزَابِ",
            "englishName": "Al-Ahzaab",
            "englishNameTranslation": "The Clans",
            "numberOfAyahs": 73,
            "revelationType": "Madinah",
            "indonesiaName": "Al Ahzab"
        },
        {
            "number": 34,
            "name": "سُورَةُ سَبَإٍ",
            "englishName": "Saba",
            "englishNameTranslation": "Sheba",
            "numberOfAyahs": 54,
            "revelationType": "Makkah",
            "indonesiaName": "Saba"
        },
        {
            "number": 35,
            "name": "سُورَةُ فَاطِرٍ",
            "englishName": "Faatir",
            "englishNameTranslation": "The Originator",
            "numberOfAyahs": 45,
            "revelationType": "Makkah",
            "indonesiaName": "Fatir"
        },
        {
            "number": 36,
            "name": "سُورَةُ يسٓ",
            "englishName": "Yaseen",
            "englishNameTranslation": "Yaseen",
            "numberOfAyahs": 83,
            "revelationType": "Makkah",
            "indonesiaName": "Yasin"
        },
        {
            "number": 37,
            "name": "سُورَةُ الصَّافَّاتِ",
            "englishName": "As-Saaffaat",
            "englishNameTranslation": "Those drawn up in Ranks",
            "numberOfAyahs": 182,
            "revelationType": "Makkah",
            "indonesiaName": "As Safaat"
        },
        {
            "number": 38,
            "name": "سُورَةُ صٓ",
            "englishName": "Saad",
            "englishNameTranslation": "The letter Saad",
            "numberOfAyahs": 88,
            "revelationType": "Makkah",
            "indonesiaName": "Sad"
        },
        {
            "number": 39,
            "name": "سُورَةُ الزُّمَرِ",
            "englishName": "Az-Zumar",
            "englishNameTranslation": "The Groups",
            "numberOfAyahs": 75,
            "revelationType": "Makkah",
            "indonesiaName": "Az Zumar"
        },
        {
            "number": 40,
            "name": "سُورَةُ غَافِرٍ",
            "englishName": "Ghafir",
            "englishNameTranslation": "The Forgiver",
            "numberOfAyahs": 85,
            "revelationType": "Makkah",
            "indonesiaName": "Gafir"
        },
        {
            "number": 41,
            "name": "سُورَةُ فُصِّلَتۡ",
            "englishName": "Fussilat",
            "englishNameTranslation": "Explained in detail",
            "numberOfAyahs": 54,
            "revelationType": "Makkah",
            "indonesiaName": "Fussilat"
        },
        {
            "number": 42,
            "name": "سُورَةُ الشُّورَىٰ",
            "englishName": "Ash-Shura",
            "englishNameTranslation": "Consultation",
            "numberOfAyahs": 53,
            "revelationType": "Makkah",
            "indonesiaName": "As Syura"
        },
        {
            "number": 43,
            "name": "سُورَةُ الزُّخۡرُفِ",
            "englishName": "Az-Zukhruf",
            "englishNameTranslation": "Ornaments of gold",
            "numberOfAyahs": 89,
            "revelationType": "Makkah",
            "indonesiaName": "Az Zukhruf"
        },
        {
            "number": 44,
            "name": "سُورَةُ الدُّخَانِ",
            "englishName": "Ad-Dukhaan",
            "englishNameTranslation": "The Smoke",
            "numberOfAyahs": 59,
            "revelationType": "Makkah",
            "indonesiaName": "Ad Dukhan"
        },
        {
            "number": 45,
            "name": "سُورَةُ الجَاثِيَةِ",
            "englishName": "Al-Jaathiya",
            "englishNameTranslation": "Crouching",
            "numberOfAyahs": 37,
            "revelationType": "Makkah",
            "indonesiaName": "Al Jasiyah"
        },
        {
            "number": 46,
            "name": "سُورَةُ الأَحۡقَافِ",
            "englishName": "Al-Ahqaf",
            "englishNameTranslation": "The Dunes",
            "numberOfAyahs": 35,
            "revelationType": "Makkah",
            "indonesiaName": "Al Ahqaf"
        },
        {
            "number": 47,
            "name": "سُورَةُ مُحَمَّدٍ",
            "englishName": "Muhammad",
            "englishNameTranslation": "Muhammad",
            "numberOfAyahs": 38,
            "revelationType": "Madinah",
            "indonesiaName": "Muhammad"
        },
        {
            "number": 48,
            "name": "سُورَةُ الفَتۡحِ",
            "englishName": "Al-Fath",
            "englishNameTranslation": "The Victory",
            "numberOfAyahs": 29,
            "revelationType": "Madinah",
            "indonesiaName": "Al Fath"
        },
        {
            "number": 49,
            "name": "سُورَةُ الحُجُرَاتِ",
            "englishName": "Al-Hujuraat",
            "englishNameTranslation": "The Inner Apartments",
            "numberOfAyahs": 18,
            "revelationType": "Madinah",
            "indonesiaName": "Al Hujurat"
        },
        {
            "number": 50,
            "name": "سُورَةُ قٓ",
            "englishName": "Qaaf",
            "englishNameTranslation": "The letter Qaaf",
            "numberOfAyahs": 45,
            "revelationType": "Makkah",
            "indonesiaName": "Qaf"
        },
        {
            "number": 51,
            "name": "سُورَةُ الذَّارِيَاتِ",
            "englishName": "Adh-Dhaariyat",
            "englishNameTranslation": "The Winnowing Winds",
            "numberOfAyahs": 60,
            "revelationType": "Makkah",
            "indonesiaName": "Az Zariyat"
        },
        {
            "number": 52,
            "name": "سُورَةُ الطُّورِ",
            "englishName": "At-Tur",
            "englishNameTranslation": "The Mount",
            "numberOfAyahs": 49,
            "revelationType": "Makkah",
            "indonesiaName": "At Tur"
        },
        {
            "number": 53,
            "name": "سُورَةُ النَّجۡمِ",
            "englishName": "An-Najm",
            "englishNameTranslation": "The Star",
            "numberOfAyahs": 62,
            "revelationType": "Makkah",
            "indonesiaName": "An Najm"
        },
        {
            "number": 54,
            "name": "سُورَةُ القَمَرِ",
            "englishName": "Al-Qamar",
            "englishNameTranslation": "The Moon",
            "numberOfAyahs": 55,
            "revelationType": "Makkah",
            "indonesiaName": "Al Qamar"
        },
        {
            "number": 55,
            "name": "سُورَةُ الرَّحۡمَٰن",
            "englishName": "Ar-Rahmaan",
            "englishNameTranslation": "The Beneficent",
            "numberOfAyahs": 78,
            "revelationType": "Madinah",
            "indonesiaName": "Ar Rahman"
        },
        {
            "number": 56,
            "name": "سُورَةُ الوَاقِعَةِ",
            "englishName": "Al-Waaqia",
            "englishNameTranslation": "The Inevitable",
            "numberOfAyahs": 96,
            "revelationType": "Makkah",
            "indonesiaName": "Al Waqiah"
        },
        {
            "number": 57,
            "name": "سُورَةُ الحَدِيدِ",
            "englishName": "Al-Hadid",
            "englishNameTranslation": "The Iron",
            "numberOfAyahs": 29,
            "revelationType": "Madinah",
            "indonesiaName": "Al Hadid"
        },
        {
            "number": 58,
            "name": "سُورَةُ المُجَادلَةِ",
            "englishName": "Al-Mujaadila",
            "englishNameTranslation": "The Pleading Woman",
            "numberOfAyahs": 22,
            "revelationType": "Madinah",
            "indonesiaName": "Al Mujadalah"
        },
        {
            "number": 59,
            "name": "سُورَةُ الحَشۡرِ",
            "englishName": "Al-Hashr",
            "englishNameTranslation": "The Exile",
            "numberOfAyahs": 24,
            "revelationType": "Madinah",
            "indonesiaName": "Al Hasyr"
        },
        {
            "number": 60,
            "name": "سُورَةُ المُمۡتَحنَةِ",
            "englishName": "Al-Mumtahana",
            "englishNameTranslation": "She that is to be examined",
            "numberOfAyahs": 13,
            "revelationType": "Madinah",
            "indonesiaName": "Al Mumtahana"
        },
        {
            "number": 61,
            "name": "سُورَةُ الصَّفِّ",
            "englishName": "As-Saff",
            "englishNameTranslation": "The Ranks",
            "numberOfAyahs": 14,
            "revelationType": "Madinah",
            "indonesiaName": "As Saff"
        },
        {
            "number": 62,
            "name": "سُورَةُ الجُمُعَةِ",
            "englishName": "Al-Jumu'a",
            "englishNameTranslation": "Friday",
            "numberOfAyahs": 11,
            "revelationType": "Madinah",
            "indonesiaName": "Al Jumu'ah"
        },
        {
            "number": 63,
            "name": "سُورَةُ المُنَافِقُونَ",
            "englishName": "Al-Munaafiqoon",
            "englishNameTranslation": "The Hypocrites",
            "numberOfAyahs": 11,
            "revelationType": "Madinah",
            "indonesiaName": "Al Munafiqun"
        },
        {
            "number": 64,
            "name": "سُورَةُ التَّغَابُنِ",
            "englishName": "At-Taghaabun",
            "englishNameTranslation": "Mutual Disillusion",
            "numberOfAyahs": 18,
            "revelationType": "Madinah",
            "indonesiaName": "At Tagabun"
        },
        {
            "number": 65,
            "name": "سُورَةُ الطَّلَاقِ",
            "englishName": "At-Talaaq",
            "englishNameTranslation": "Divorce",
            "numberOfAyahs": 12,
            "revelationType": "Madinah",
            "indonesiaName": "At Talaq"
        },
        {
            "number": 66,
            "name": "سُورَةُ التَّحۡرِيمِ",
            "englishName": "At-Tahrim",
            "englishNameTranslation": "The Prohibition",
            "numberOfAyahs": 12,
            "revelationType": "Madinah",
            "indonesiaName": "At Tahrim"
        },
        {
            "number": 67,
            "name": "سُورَةُ المُلۡكِ",
            "englishName": "Al-Mulk",
            "englishNameTranslation": "The Sovereignty",
            "numberOfAyahs": 30,
            "revelationType": "Makkah",
            "indonesiaName": "Al Mulk"
        },
        {
            "number": 68,
            "name": "سُورَةُ القَلَمِ",
            "englishName": "Al-Qalam",
            "englishNameTranslation": "The Pen",
            "numberOfAyahs": 52,
            "revelationType": "Makkah",
            "indonesiaName": "Al Qalam"
        },
        {
            "number": 69,
            "name": "سُورَةُ الحَاقَّةِ",
            "englishName": "Al-Haaqqa",
            "englishNameTranslation": "The Reality",
            "numberOfAyahs": 52,
            "revelationType": "Makkah",
            "indonesiaName": "Al Haqqah"
        },
        {
            "number": 70,
            "name": "سُورَةُ المَعَارِجِ",
            "englishName": "Al-Ma'aarij",
            "englishNameTranslation": "The Ascending Stairways",
            "numberOfAyahs": 44,
            "revelationType": "Makkah",
            "indonesiaName": "Al Maarij"
        },
        {
            "number": 71,
            "name": "سُورَةُ نُوحٍ",
            "englishName": "Nooh",
            "englishNameTranslation": "Noah",
            "numberOfAyahs": 28,
            "revelationType": "Makkah",
            "indonesiaName": "Nuh"
        },
        {
            "number": 72,
            "name": "سُورَةُ الجِنِّ",
            "englishName": "Al-Jinn",
            "englishNameTranslation": "The Jinn",
            "numberOfAyahs": 28,
            "revelationType": "Makkah",
            "indonesiaName": "Al Jinn"
        },
        {
            "number": 73,
            "name": "سُورَةُ المُزَّمِّلِ",
            "englishName": "Al-Muzzammil",
            "englishNameTranslation": "The Enshrouded One",
            "numberOfAyahs": 20,
            "revelationType": "Makkah",
            "indonesiaName": "Al Muzammil"
        },
        {
            "number": 74,
            "name": "سُورَةُ المُدَّثِّرِ",
            "englishName": "Al-Muddaththir",
            "englishNameTranslation": "The Cloaked One",
            "numberOfAyahs": 56,
            "revelationType": "Makkah",
            "indonesiaName": "Al Muddassir"
        },
        {
            "number": 75,
            "name": "سُورَةُ القِيَامَةِ",
            "englishName": "Al-Qiyaama",
            "englishNameTranslation": "The Resurrection",
            "numberOfAyahs": 40,
            "revelationType": "Makkah",
            "indonesiaName": "Al Qiyamah"
        },
        {
            "number": 76,
            "name": "سُورَةُ الإِنسَانِ",
            "englishName": "Al-Insaan",
            "englishNameTranslation": "Man",
            "numberOfAyahs": 31,
            "revelationType": "Madinah",
            "indonesiaName": "Al Insan"
        },
        {
            "number": 77,
            "name": "سُورَةُ المُرۡسَلَاتِ",
            "englishName": "Al-Mursalaat",
            "englishNameTranslation": "The Emissaries",
            "numberOfAyahs": 50,
            "revelationType": "Makkah",
            "indonesiaName": "Al Mursalat"
        },
        {
            "number": 78,
            "name": "سُورَةُ النَّبَإِ",
            "englishName": "An-Naba",
            "englishNameTranslation": "The Announcement",
            "numberOfAyahs": 40,
            "revelationType": "Makkah",
            "indonesiaName": "An Naba"
        },
        {
            "number": 79,
            "name": "سُورَةُ النَّازِعَاتِ",
            "englishName": "An-Naazi'aat",
            "englishNameTranslation": "Those who drag forth",
            "numberOfAyahs": 46,
            "revelationType": "Makkah",
            "indonesiaName": "An Naziat"
        },
        {
            "number": 80,
            "name": "سُورَةُ عَبَسَ",
            "englishName": "Abasa",
            "englishNameTranslation": "He frowned",
            "numberOfAyahs": 42,
            "revelationType": "Makkah",
            "indonesiaName": "Abasa"
        },
        {
            "number": 81,
            "name": "سُورَةُ التَّكۡوِيرِ",
            "englishName": "At-Takwir",
            "englishNameTranslation": "The Overthrowing",
            "numberOfAyahs": 29,
            "revelationType": "Makkah",
            "indonesiaName": "At Takwir"
        },
        {
            "number": 82,
            "name": "سُورَةُ الانفِطَارِ",
            "englishName": "Al-Infitaar",
            "englishNameTranslation": "The Cleaving",
            "numberOfAyahs": 19,
            "revelationType": "Makkah",
            "indonesiaName": "Al Infitar"
        },
        {
            "number": 83,
            "name": "سُورَةُ المُطَفِّفِينَ",
            "englishName": "Al-Mutaffifin",
            "englishNameTranslation": "Defrauding",
            "numberOfAyahs": 36,
            "revelationType": "Makkah",
            "indonesiaName": "Al Mutaffifin"
        },
        {
            "number": 84,
            "name": "سُورَةُ الانشِقَاقِ",
            "englishName": "Al-Inshiqaaq",
            "englishNameTranslation": "The Splitting Open",
            "numberOfAyahs": 25,
            "revelationType": "Makkah",
            "indonesiaName": "Al Insyiqaq"
        },
        {
            "number": 85,
            "name": "سُورَةُ البُرُوجِ",
            "englishName": "Al-Burooj",
            "englishNameTranslation": "The Constellations",
            "numberOfAyahs": 22,
            "revelationType": "Makkah",
            "indonesiaName": "Al Buruj"
        },
        {
            "number": 86,
            "name": "سُورَةُ الطَّارِقِ",
            "englishName": "At-Taariq",
            "englishNameTranslation": "The Morning Star",
            "numberOfAyahs": 17,
            "revelationType": "Makkah",
            "indonesiaName": "At Tariq"
        },
        {
            "number": 87,
            "name": "سُورَةُ الأَعۡلَىٰ",
            "englishName": "Al-A'laa",
            "englishNameTranslation": "The Most High",
            "numberOfAyahs": 19,
            "revelationType": "Makkah",
            "indonesiaName": "Al A'la"
        },
        {
            "number": 88,
            "name": "سُورَةُ الغَاشِيَةِ",
            "englishName": "Al-Ghaashiya",
            "englishNameTranslation": "The Overwhelming",
            "numberOfAyahs": 26,
            "revelationType": "Makkah",
            "indonesiaName": "Al Gasiyah"
        },
        {
            "number": 89,
            "name": "سُورَةُ الفَجۡرِ",
            "englishName": "Al-Fajr",
            "englishNameTranslation": "The Dawn",
            "numberOfAyahs": 30,
            "revelationType": "Makkah",
            "indonesiaName": "Al Fajr"
        },
        {
            "number": 90,
            "name": "سُورَةُ البَلَدِ",
            "englishName": "Al-Balad",
            "englishNameTranslation": "The City",
            "numberOfAyahs": 20,
            "revelationType": "Makkah",
            "indonesiaName": "Al Balad"
        },
        {
            "number": 91,
            "name": "سُورَةُ الشَّمۡسِ",
            "englishName": "Ash-Shams",
            "englishNameTranslation": "The Sun",
            "numberOfAyahs": 15,
            "revelationType": "Makkah",
            "indonesiaName": "Asy Syams"
        },
        {
            "number": 92,
            "name": "سُورَةُ اللَّيۡلِ",
            "englishName": "Al-Lail",
            "englishNameTranslation": "The Night",
            "numberOfAyahs": 21,
            "revelationType": "Makkah",
            "indonesiaName": "Al Lail"
        },
        {
            "number": 93,
            "name": "سُورَةُ الضُّحَىٰ",
            "englishName": "Ad-Dhuhaa",
            "englishNameTranslation": "The Morning Hours",
            "numberOfAyahs": 11,
            "revelationType": "Makkah",
            "indonesiaName": "Ad Duha"
        },
        {
            "number": 94,
            "name": "سُورَةُ الشَّرۡحِ",
            "englishName": "Ash-Sharh",
            "englishNameTranslation": "The Consolation",
            "numberOfAyahs": 8,
            "revelationType": "Makkah",
            "indonesiaName": "Asy Syarh/Al Insyirah"
        },
        {
            "number": 95,
            "name": "سُورَةُ التِّينِ",
            "englishName": "At-Tin",
            "englishNameTranslation": "The Fig",
            "numberOfAyahs": 8,
            "revelationType": "Makkah",
            "indonesiaName": "At Tin"
        },
        {
            "number": 96,
            "name": "سُورَةُ العَلَقِ",
            "englishName": "Al-Alaq",
            "englishNameTranslation": "The Clot",
            "numberOfAyahs": 19,
            "revelationType": "Makkah",
            "indonesiaName": "Al Alaq"
        },
        {
            "number": 97,
            "name": "سُورَةُ القَدۡرِ",
            "englishName": "Al-Qadr",
            "englishNameTranslation": "The Power, Fate",
            "numberOfAyahs": 5,
            "revelationType": "Makkah",
            "indonesiaName": "Al Qadr"
        },
        {
            "number": 98,
            "name": "سُورَةُ البَيِّنَةِ",
            "englishName": "Al-Bayyina",
            "englishNameTranslation": "The Evidence",
            "numberOfAyahs": 8,
            "revelationType": "Madinah",
            "indonesiaName": "Al Bayyinah"
        },
        {
            "number": 99,
            "name": "سُورَةُ الزَّلۡزَلَةِ",
            "englishName": "Az-Zalzala",
            "englishNameTranslation": "The Earthquake",
            "numberOfAyahs": 8,
            "revelationType": "Madinah",
            "indonesiaName": "Al Zalzalah"
        },
        {
            "number": 100,
            "name": "سُورَةُ العَادِيَاتِ",
            "englishName": "Al-Aadiyaat",
            "englishNameTranslation": "The Chargers",
            "numberOfAyahs": 11,
            "revelationType": "Makkah",
            "indonesiaName": "Al Adiyat"
        },
        {
            "number": 101,
            "name": "سُورَةُ القَارِعَةِ",
            "englishName": "Al-Qaari'a",
            "englishNameTranslation": "The Calamity",
            "numberOfAyahs": 11,
            "revelationType": "Makkah",
            "indonesiaName": "Al Qariah"
        },
        {
            "number": 102,
            "name": "سُورَةُ التَّكَاثُرِ",
            "englishName": "At-Takaathur",
            "englishNameTranslation": "Competition",
            "numberOfAyahs": 8,
            "revelationType": "Makkah",
            "indonesiaName": "At Takasur"
        },
        {
            "number": 103,
            "name": "سُورَةُ العَصۡرِ",
            "englishName": "Al-Asr",
            "englishNameTranslation": "The Declining Day, Epoch",
            "numberOfAyahs": 3,
            "revelationType": "Makkah",
            "indonesiaName": "Al Asr"
        },
        {
            "number": 104,
            "name": "سُورَةُ الهُمَزَةِ",
            "englishName": "Al-Humaza",
            "englishNameTranslation": "The Traducer",
            "numberOfAyahs": 9,
            "revelationType": "Makkah",
            "indonesiaName": "Al Humazah"
        },
        {
            "number": 105,
            "name": "سُورَةُ الفِيلِ",
            "englishName": "Al-Fil",
            "englishNameTranslation": "The Elephant",
            "numberOfAyahs": 5,
            "revelationType": "Makkah",
            "indonesiaName": "Al Fil"
        },
        {
            "number": 106,
            "name": "سُورَةُ قُرَيۡشٍ",
            "englishName": "Quraish",
            "englishNameTranslation": "Quraysh",
            "numberOfAyahs": 4,
            "revelationType": "Makkah",
            "indonesiaName": "Quraisy"
        },
        {
            "number": 107,
            "name": "سُورَةُ المَاعُونِ",
            "englishName": "Al-Maa'un",
            "englishNameTranslation": "Almsgiving",
            "numberOfAyahs": 7,
            "revelationType": "Makkah",
            "indonesiaName": "Al Maun"
        },
        {
            "number": 108,
            "name": "سُورَةُ الكَوۡثَرِ",
            "englishName": "Al-Kawthar",
            "englishNameTranslation": "Abundance",
            "numberOfAyahs": 3,
            "revelationType": "Makkah",
            "indonesiaName": "Al Kausar"
        },
        {
            "number": 109,
            "name": "سُورَةُ الكَافِرُونَ",
            "englishName": "Al-Kaafiroon",
            "englishNameTranslation": "The Disbelievers",
            "numberOfAyahs": 6,
            "revelationType": "Makkah",
            "indonesiaName": "Al Kafirun"
        },
        {
            "number": 110,
            "name": "سُورَةُ النَّصۡرِ",
            "englishName": "An-Nasr",
            "englishNameTranslation": "Divine Support",
            "numberOfAyahs": 3,
            "revelationType": "Madinah",
            "indonesiaName": "An Nasr"
        },
        {
            "number": 111,
            "name": "سُورَةُ المَسَدِ",
            "englishName": "Al-Masad",
            "englishNameTranslation": "The Palm Fibre",
            "numberOfAyahs": 5,
            "revelationType": "Makkah",
            "indonesiaName": "Al Masad/Al Lahab"
        },
        {
            "number": 112,
            "name": "سُورَةُ الإِخۡلَاصِ",
            "englishName": "Al-Ikhlaas",
            "englishNameTranslation": "Sincerity",
            "numberOfAyahs": 4,
            "revelationType": "Makkah",
            "indonesiaName": "Al Ikhlas"
        },
        {
            "number": 113,
            "name": "سُورَةُ الفَلَقِ",
            "englishName": "Al-Falaq",
            "englishNameTranslation": "The Dawn",
            "numberOfAyahs": 5,
            "revelationType": "Makkah",
            "indonesiaName": "Al Falaq"
        },
        {
            "number": 114,
            "name": "سُورَةُ النَّاسِ",
            "englishName": "An-Naas",
            "englishNameTranslation": "Mankind",
            "numberOfAyahs": 6,
            "revelationType": "Makkah",
            "indonesiaName": "An Nas"
        }
    ]
}